﻿county_name, region
Appling County, Rural
Atkinson County, Rural
Bacon County, Rural
Baker County, Rural
Baldwin County, Urban
Banks County, Rural
Barrow County, Urban
Bartow County, Urban
Ben Hill County, Rural
Berrien County, Rural
Bibb County, Urban
Bleckley County, Rural
Brantley County, Rural
Brooks County, Rural
Bryan County, Urban
Bulloch County, Urban
Burke County, Rural
Butts County, Rural
Calhoun County, Rural
Camden County, Urban
Candler County, Rural
Carroll County, Urban
Catoosa County, Urban
Charlton County, Rural
Chatham County, Urban
Chattahoochee County, Rural
Chattooga County, Rural
Cherokee County, Urban
Clarke County, Urban
Clay County, Rural
Clayton County, Urban
Clinch County, Rural
Cobb County, Urban
Coffee County, Urban
Colquitt County, Rural
Columbia County, Urban
Cook County, Rural
Coweta County, Urban
Crawford County, Rural
Crisp County, Rural
Dade County, Rural
Dawson County, Urban
Decatur County, Rural
DeKalb County, Urban
Dodge County, Rural
Dooly County, Rural
Dougherty County, Urban
Douglas County, Urban
Early County, Rural
Echols County, Rural
Effingham County, Urban
Elbert County, Rural
Emanuel County, Rural
Evans County, Rural
Fannin County, Rural
Fayette County, Urban
Floyd County, Urban
Forsyth County, Urban
Franklin County, Rural
Fulton County, Urban
Gilmer County, Rural
Glascock County, Rural
Glynn County, Urban
Gordon County, Urban
Grady County, Rural
Greene County, Rural
Gwinnett County, Urban
Habersham County, Rural
Hall County, Urban
Hancock County, Rural
Haralson County, Rural
Harris County, Rural
Hart County, Rural
Heard County, Rural
Henry County, Urban
Houston County, Urban
Irwin County, Rural
Jackson County, Urban
Jasper County, Rural
Jeff Davis County, Rural
Jefferson County, Rural
Jenkins County, Rural
Johnson County, Rural
Jones County, Rural
Lamar County, Rural
Lanier County, Rural
Laurens County, Rural
Lee County, Urban
Liberty County, Urban
Lincoln County, Rural
Long County, Rural
Lowndes County, Urban
Lumpkin County, Rural
McDuffie County, Rural
McIntosh County, Rural
Macon County, Rural
Madison County, Rural
Marion County, Rural
Meriwether County, Rural
Miller County, Rural
Mitchell County, Rural
Monroe County, Rural
Montgomery County, Rural
Morgan County, Rural
Murray County, Rural
Muscogee County, Urban
Newton County, Urban
Oconee County, Urban
Oglethorpe County, Rural
Paulding County, Urban
Peach County, Urban
Pickens County, Rural
Pierce County, Rural
Pike County, Rural
Polk County, Rural
Pulaski County, Rural
Putnam County, Rural
Quitman County, Rural
Rabun County, Rural
Randolph County, Rural
Richmond County, Urban
Rockdale County, Urban
Schley County, Rural
Screven County, Rural
Seminole County, Rural
Spalding County, Urban
Stephens County, Rural
Stewart County, Rural
Sumter County, Rural
Talbot County, Rural
Taliaferro County, Rural
Tattnall County, Rural
Taylor County, Rural
Telfair County, Rural
Terrell County, Rural
Thomas County, Urban
Tift County, Urban
Toombs County, Rural
Towns County, Rural
Treutlen County, Rural
Troup County, Urban
Turner County, Rural
Twiggs County, Rural
Union County, Rural
Upson County, Rural
Walker County, Rural
Walton County, Urban
Ware County, Rural
Warren County, Rural
Washington County, Rural
Wayne County, Rural
Webster County, Rural
Wheeler County, Rural
White County, Rural
Whitfield County, Urban
Wilcox County, Rural
Wilkes County, Rural
Wilkinson County, Rural
Worth County, Rural
